,Agent ID,Agent Name,Start Date,End Date
,4y_-QRHE_CFcBSRACUBxQ,Chatbase training data.pdf,2025-09-19,2025-10-19
            
________________,______________________________________,____________________________________________________________________________________________________________________________________________________,___________________,___________________
,Date Created,Last Message At
,2025-9-24 21:45:9,2025-10-19 10:31:7

Conversation:,Conversation ID,Source
,cb3ddd1a-aa54-42f1-b64a-1539e1c0d821,Widget or Iframe

Messages:,Role,Message
,assistant,"üéÆ Welcome to Rapid Games! I'm your personal gaming assistant, ready to help you discover amazing games from our collection of 21+ titles sourced from CrazyGames and Poki."
,assistant,"Whether you're looking for action-packed racing games, brain-teasing puzzles, competitive sports challenges, or relaxing idle games, I can help you find the perfect match!"
,assistant,"How can I assist you today?"
,assistant,"Recommend games based on your preferences"
,assistant,"Find specific games or genres"
,assistant,"Explain game features and difficulty levels"
,assistant,"Help you navigate the website"
,assistant,"Answer any questions about our game collection"
,assistant,"Just tell me what kind of gaming experience you're in the mood for, and let's find your next favorite game! üöÄ"
,user,"Tell me what game are sport - based"
,assistant,"Sure! Here are some sport-based games you might enjoy:

1. **Soccer Skills World Cup** - A thrilling soccer game where you can showcase your skills on the field.
2. **Table Tennis World Tour** - Challenge yourself in this exciting table tennis game.
3. **Penalty Shooters 2** - Test your penalty shooting skills in this fun and competitive game.

Feel free to explore these games and have a great time playing! If you need more recommendations, just let me know. üòä"
,user,"Are there any battle like games"
,assistant,"Absolutely! If you're interested in battle-like games, here are a few you might enjoy:

1. **Combat Reloaded 2** - Engage in intense multiplayer battles in this action-packed shooter game.
2. **Sniper Mission** - Test your precision and strategy in this thrilling sniper game.
3. **Battleship War** - Strategize and sink your opponent's ships in this classic naval battle game.

These games offer exciting combat experiences, so dive in and have fun! If you need more suggestions, feel free to ask. üéÆ"
,user,"What about something like minecraft"
,assistant,"If you're looking for games similar to Minecraft, you might enjoy:

1. **Bloxd.io** - A creative and fun game where you can build and explore in a blocky world.

This game offers a similar experience to Minecraft, allowing you to unleash your creativity. Enjoy building and exploring! If you have any other preferences, just let me know. üòä"
,user,"and brainrot games"
,assistant,"For a game that offers a unique and intriguing experience, you might want to try:

- **Steal Brainrot Online** - Dive into a captivating world with puzzles and challenges that will keep you engaged.

Enjoy the adventure and have fun exploring! If you have any other game preferences or need further assistance, feel free to ask. üòä"
,user,"What is the hardest game to play among everything"
,assistant,"The difficulty of a game can vary depending on personal preferences and skills, but one game that is often considered challenging is **Sniper Mission**. It requires precision, strategy, and quick reflexes to succeed. 

If you're up for a challenge, give it a try and see how you fare! Remember, practice makes perfect. If you need more recommendations or have any other questions, feel free to ask. Enjoy your gaming! üéÆ"
________________,______________________________________,_____________________________________________________________________________________________________________________________________________________________________________________________________________________________________________________________________________________________________________________________________________________________________________________________________________________________________________________________________________________________________________________,___________________,___________________
,Date Created,Last Message At
,2025-10-16 19:13:43,2025-10-16 19:13:54

Conversation:,Conversation ID,Source
,4839f20f-438a-43de-b07b-018d38b8b65d,Playground

Messages:,Role,Message
,assistant,"üéÆ Welcome to Rapid Games! I'm your personal gaming assistant, ready to help you discover amazing games from our collection of 21+ titles sourced from CrazyGames and Poki."
,user,"Is Steal Brainrot Online there"
,assistant,"Yes, ""Steal Brainrot Online"" is available in our collection! You can enjoy playing it on CrazyGames. If you have any other questions or need further assistance, feel free to ask. Happy gaming! üòä"
,user,"Can you give the link"
,assistant,"Certainly! You can play ""Steal Brainrot Online"" by following this [link](https://www.crazygames.com/game/steal-brainrot-online). Enjoy the game, and if you have any more questions, feel free to reach out. Have fun! üéÆ"
________________,______________________________________,_____________________________________________________________________________________________________________________________________________________________________________________________________________________________________________________________________________________________________________________________________________________________________________________________________________________________________________________________________________________________________________________,___________________,___________________
,Date Created,Last Message At
,2025-10-16 19:10:44,2025-10-16 19:10:44

Conversation:,Conversation ID,Source
,82e2e01a-9704-4d08-a5a8-1ad122c02321,Playground

Messages:,Role,Message
,assistant,"üéÆ Welcome to Rapid Games! I'm your personal gaming assistant, ready to help you discover amazing games from our collection of 21+ titles sourced from CrazyGames and Poki."
,user,"Is there a version of steal a brainrot"
,assistant,"I'm sorry, but I don't have information on a game called ""Steal a Brainrot."" If you have any other questions or need assistance with our available games, feel free to ask. Have a great day! üòä"
________________,______________________________________,_____________________________________________________________________________________________________________________________________________________________________________________________________________________________________________________________________________________________________________________________________________________________________________________________________________________________________________________________________________________________________________________,___________________,___________________
,Date Created,Last Message At
,2025-10-16 17:46:27,2025-10-16 17:46:27

Conversation:,Conversation ID,Source
,17624898-3f31-451c-b57e-6ba6072501ea,Widget or Iframe

Messages:,Role,Message
,assistant,"üéÆ Welcome to Rapid Games! I'm your personal gaming assistant, ready to help you discover amazing games from our collection of 21+ titles sourced from CrazyGames and Poki."
,user,"Tell me some great games"
,assistant,"Sure! Here are some great games you might enjoy:

1. **Idle Airport Tycoon** - Manage your own airport and become a tycoon.
2. **Bridge Race** - Compete to build the fastest bridge.
3. **Airport Security** - Experience the life of an airport security officer.
4. **Logo Quiz Game** - Test your knowledge of logos from around the world.
5. **Archery World Tour** - Show off your archery skills in this exciting game.

Feel free to ask about any specific game or explore more options! Have fun! üòä"
________________,______________________________________,_____________________________________________________________________________________________________________________________________________________________________________________________________________________________________________________________________________________________________________________________________________________________________________________________________________________________________________________________________________________________________________________,___________________,___________________
,Date Created,Last Message At
,2025-9-30 19:2:58,2025-10-14 18:55:57

Conversation:,Conversation ID,Source
,4e8dac4b-5524-4b37-a599-81372c364024,Widget or Iframe

Messages:,Role,Message
,assistant,"üéÆ Welcome to Rapid Games! I'm your personal gaming assistant, ready to help you discover amazing games from our collection of 21+ titles sourced from CrazyGames and Poki."
,assistant,"Whether you're looking for action-packed racing games, brain-teasing puzzles, competitive sports challenges, or relaxing idle games, I can help you find the perfect match!"
,assistant,"How can I assist you today?"
,assistant,"Recommend games based on your preferences"
,assistant,"Find specific games or genres"
,assistant,"Explain game features and difficulty levels"
,assistant,"Help you navigate the website"
,assistant,"Answer any questions about our game collection"
,assistant,"Just tell me what kind of gaming experience you're in the mood for, and let's find your next favorite game! üöÄ"
,user,"helo"
,assistant,"Hello! How can I assist you today? üòä"
,user,"tell me a gun game"
,assistant,"Sure! If you're looking for a gun game, you might enjoy ""Sniper Mission."" It's an exciting game where you can test your shooting skills. You can find it on CrazyGames. Have fun playing! üéØ"
,user,"Give the link for it"
,assistant,"Of course! You can play ""Sniper Mission"" by following this [link](https://www.crazygames.com/game/sniper-mission-blj). Enjoy the game! üòä"
________________,______________________________________,_____________________________________________________________________________________________________________________________________________________________________________________________________________________________________________________________________________________________________________________________________________________________________________________________________________________________________________________________________________________________________________________,___________________,___________________
,Date Created,Last Message At
,2025-9-25 18:6:42,2025-10-14 17:44:41

Conversation:,Conversation ID,Source
,4d3c22c2-bb71-4b39-9ab5-b8240cf75377,Widget or Iframe

Messages:,Role,Message
,assistant,"üéÆ Welcome to Rapid Games! I'm your personal gaming assistant, ready to help you discover amazing games from our collection of 21+ titles sourced from CrazyGames and Poki."
,assistant,"Whether you're looking for action-packed racing games, brain-teasing puzzles, competitive sports challenges, or relaxing idle games, I can help you find the perfect match!"
,assistant,"How can I assist you today?"
,assistant,"Recommend games based on your preferences"
,assistant,"Find specific games or genres"
,assistant,"Explain game features and difficulty levels"
,assistant,"Help you navigate the website"
,assistant,"Answer any questions about our game collection"
,assistant,"Just tell me what kind of gaming experience you're in the mood for, and let's find your next favorite game! üöÄ"
,user,"What are the best words I can use"
,assistant,"I'm here to help with gaming-related inquiries! If you're looking for game recommendations or have questions about our game collection, feel free to ask. üòä"
,user,"I meant games"
,assistant,"Got it! If you're looking for some great games to play, here are a few recommendations from our collection:

1. **Idle Airport Tycoon** - Manage your own airport and watch it grow!
2. **Bridge Race** - Compete to build the longest bridge and reach the finish line first.
3. **Logo Quiz Game** - Test your knowledge of brand logos from around the world.
4. **Archery World Tour** - Hone your archery skills in this exciting sports game.
5. **Paper.io 2** - Conquer territory and outsmart your opponents in this addictive multiplayer game.

If you have a specific genre or type of game in mind, let me know, and I can suggest more options. Enjoy your gaming! üéÆ"
,user,"What are the latest gamnes"
,assistant,"I currently don't have access to the latest game releases beyond my training data, which goes up to October 2023. However, I can help you explore the exciting games available in our collection, such as ""Idle Airport Tycoon,"" ""Bridge Race,"" and ""Logo Quiz Game."" If you have any specific preferences or genres in mind, feel free to let me know, and I'll be happy to assist you further! üòä"
,user,"What is the highest rated games"
,assistant,"While I don't have access to real-time ratings, I can suggest some popular and well-loved games from our collection that players often enjoy:

1. **Idle Airport Tycoon** - A fun and engaging management game where you build and expand your airport.
2. **Bridge Race** - A competitive and strategic game where you race to build the longest bridge.
3. **Logo Quiz Game** - A challenging trivia game that tests your knowledge of brand logos.
4. **Archery World Tour** - A sports game that lets you test your archery skills in various settings.
5. **Paper.io 2** - A multiplayer game where you aim to conquer as much territory as possible.

These games are known for their engaging gameplay and have been enjoyed by many players. If you have specific preferences, let me know, and I can recommend more games for you! üéÆ"
,user,"Tell me games about car racing"
,assistant,"If you're a fan of car racing games, here are some exciting options from our collection:

1. **Racing Limits** - Experience the thrill of high-speed racing with realistic physics and challenging tracks.
2. **Super Star Car** - Race through various circuits and aim for the top spot in this fast-paced racing game.
3. **Sportcars Crash** - Enjoy the adrenaline rush of racing while avoiding crashes in this action-packed game.

These games offer a mix of speed, strategy, and excitement. If you have any other preferences or need more information, feel free to ask! üèéÔ∏èüí®"
,user,"add rating system for the games here"
,assistant,"I appreciate your interest in enhancing the gaming experience! However, implementing a rating system is beyond my capabilities. I recommend checking out user reviews and ratings on the platforms where the games are hosted, like CrazyGames and Poki, to get a sense of how other players are enjoying them. If you have any other questions or need further assistance, feel free to let me know. Happy gaming! üéÆüòä"
,user,"Tell me the coolest games I can plat"
,assistant,"If you're looking for some cool games to dive into, here are a few that offer unique and exciting experiences:

1. **Solar Smash** - Unleash your creativity and destructive powers by simulating the destruction of planets.
2. **Thief Puzzle** - Challenge your brain with clever puzzles as you help the thief achieve his goals.
3. **Space Waves** - Navigate through space and overcome obstacles in this thrilling adventure.
4. **Traffic Rider VVQ** - Experience the rush of riding a motorcycle through traffic in this immersive game.
5. **Sniper Mission** - Test your precision and strategy in this action-packed sniper game.

These games offer a mix of creativity, strategy, and excitement. If you have specific interests or genres in mind, let me know, and I can suggest more options! Enjoy your gaming journey! üöÄüéÆ"
,user,"I am a pro"
,assistant,"That's awesome! As a pro gamer, you might enjoy games that offer a bit more challenge and depth. Here are some suggestions that could match your skills:

1. **Combat Reloaded 2** - Engage in intense multiplayer battles and showcase your shooting skills.
2. **Racing Limits** - Push your racing abilities to the limit with high-speed challenges and realistic physics.
3. **Archery World Tour** - Test your precision and timing in various archery challenges around the world.
4. **Sniper Mission** - Hone your sniper skills with challenging missions that require strategy and accuracy.

These games are designed to test your abilities and provide a rewarding experience. If you have any specific preferences or need more recommendations, feel free to let me know. Keep up the great gaming! üéÆüî•"
________________,______________________________________,________________________________________________________________________________________________________________________________________________________________________________________________________________________________________________________________________________________________________________________________________________________________________________________________________________________________________________________________________________________________________________________________________________________________________________________________________________________________________________________________________________________________________________________________________________________________________________________________________________________________________________,___________________,___________________
,Date Created,Last Message At
,2025-9-25 18:3:46,2025-9-25 18:3:46

Conversation:,Conversation ID,Source
,6394d53b-4140-4836-9191-ed4b11036933,Widget or Iframe

Messages:,Role,Message
,user,"gihqer"
,assistant,"It seems like there might have been a typo or an error in your message. Could you please clarify or provide more details so I can assist you better? üòä"
________________,______________________________________,________________________________________________________________________________________________________________________________________________________________________________________________________________________________________________________________________________________________________________________________________________________________________________________________________________________________________________________________________________________________________________________________________________________________________________________________________________________________________________________________________________________________________________________________________________________________________________________________________________________________________________,___________________,___________________
,Date Created,Last Message At
,2025-9-25 18:0:28,2025-9-25 18:0:28

Conversation:,Conversation ID,Source
,0a2debfb-1e04-4d22-99cb-6e4937151dbd,Widget or Iframe

Messages:,Role,Message
,user,"Can you suggest some games for me"
,assistant,"Of course! Here are some games you might enjoy:

1. [Idle Airport Tycoon](https://www.crazygames.com/game/idle-airport-tycoon)
2. [Bridge Race](https://www.crazygames.com/game/bridge-race)
3. [Airport Security](https://www.crazygames.com/game/airport-security)
4. [Logo Quiz Game](https://www.crazygames.com/game/logo-quiz-game-world-trivia)
5. [Archery World Tour](https://www.crazygames.com/game/archery-world-tour)
6. [Mafia Billiard Tricks](https://www.crazygames.com/game/mafia-billard-tricks)
7. [Merge Construct](https://www.crazygames.com/game/merge-construct)
8. [Paper.io 2](https://www.crazygames.com/game/paper-io-2)
9. [Pool Hustlers](https://www.crazygames.com/game/pool-hustlers)
10. [Soccer Skills World Cup](https://www.poki.com/en/g/soccer-skills-world-cup)

I hope you find something you like! Enjoy your gaming time! üòä"
________________,______________________________________,_______________________________________________________________________________________________________________________________________________________________________________________________________________________________________________________________________________________________________________________________________________________________________________________________________________________________________________________________________________________________________________________________________________________________________________________________________________________________________________________________________________________________________________________________________________________________________________________________________________________________________________________________________,___________________,___________________
,Date Created,Last Message At
,2025-9-25 14:39:52,2025-9-25 14:39:52

Conversation:,Conversation ID,Source
,b1165079-82a1-4d60-ade7-20ab2bc4444b,Widget or Iframe

Messages:,Role,Message
,assistant,"üéÆ Welcome to Rapid Games! I'm your personal gaming assistant, ready to help you discover amazing games from our collection of 21+ titles sourced from CrazyGames and Poki."
,assistant,"Whether you're looking for action-packed racing games, brain-teasing puzzles, competitive sports challenges, or relaxing idle games, I can help you find the perfect match!"
,assistant,"How can I assist you today?"
,assistant,"Recommend games based on your preferences"
,assistant,"Find specific games or genres"
,assistant,"Explain game features and difficulty levels"
,assistant,"Help you navigate the website"
,assistant,"Answer any questions about our game collection"
,assistant,"Just tell me what kind of gaming experience you're in the mood for, and let's find your next favorite game! üöÄ"
,user,"What games are for pros"
,assistant,"If you're looking for games that challenge even the most seasoned players, here are a few from our collection that might interest you:

1. **Sniper Mission** - Test your precision and strategy in this intense shooting game.
2. **Racing Limits** - Push your driving skills to the limit with high-speed racing challenges.
3. **Combat Reloaded 2** - Engage in fast-paced multiplayer battles that require quick reflexes and tactical thinking.

These games are designed to provide a thrilling experience for those who love a challenge. Enjoy your gaming session! üéÆ"
________________,______________________________________,_______________________________________________________________________________________________________________________________________________________________________________________________________________________________________________________________________________________________________________________________________________________________________________________________________________________________________________________________________________________________________________________________________________________________________________________________________________________________________________________________________________________________________________________________________________________________________________________________________________________________________________________________________,___________________,___________________
,Date Created,Last Message At
,2025-9-24 21:29:36,2025-9-24 21:30:59

Conversation:,Conversation ID,Source
,1ed07bed-aca8-4cb9-82f9-0810e1a8c4c1,Playground

Messages:,Role,Message
,assistant,"Hi! What can I help you with?"
,user,"Hello"
,assistant,"Hello! How can I assist you today?"
,user,"Who are the creators"
,assistant,"I'm here to help with your inquiries, but could you please specify what you mean by ""creators""? Are you referring to the creators of a specific game or something else? Let me know so I can assist you better!"
,user,"Who are the creators of the website"
,assistant,"I'm sorry, but I don't have information on the creators of the website. If you have any other questions or need assistance with something else, feel free to ask!"
,user,"Are there any sports games available"
,assistant,"Yes, there are several sports games available! Here are a few you might enjoy:

1. [Soccer Skills World Cup](https://www.poki.com/en/g/soccer-skills-world-cup)
2. [Table Tennis World Tour](https://www.crazygames.com/game/table-tennis-world-tour)
3. [Penalty Shooters 2](https://poki.com/en/g/penalty-shooters-2)

Feel free to check them out and have fun! If you need more recommendations, just let me know. üòä"
,user,"Any games you would reccomend if I am a pro"
,assistant,"If you're a pro and looking for a challenge, here are some games that might pique your interest:

1. [Traffic Rider VVQ](https://www.crazygames.com/game/traffic-rider-vvq) - Test your skills in high-speed motorcycle racing.
2. [Sniper Mission BLJ](https://www.crazygames.com/game/sniper-mission-blj) - Sharpen your aim and strategy in this sniper game.
3. [Combat Reloaded 2](https://poki.com/en/g/combat-reloaded-2) - Engage in intense multiplayer battles.

I hope you enjoy these games! Let me know if you need more suggestions. Have fun! üéÆ"
________________,______________________________________,_______________________________________________________________________________________________________________________________________________________________________________________________________________________________________________________________________________________________________________________________________________________________________________________________________________________________________________________________________________________________________________________________________________________________________________________________________________________________________________________________________________________________________________________________________________________________________________________________________________________________________________________________________,___________________,___________________
,Date Created,Last Message At
,2025-9-24 21:26:2,2025-9-24 21:26:51

Conversation:,Conversation ID,Source
,40a7e3a0-305d-464b-9f83-2a7cccc9ca83,Playground

Messages:,Role,Message
,assistant,"Hi! What can I help you with?"
,user,"Who are the creators"
,assistant,"I'm here to assist you with inquiries related to Purv Taparia's portfolio and achievements. If you have any questions about Purv's books, coding skills, or other interests, feel free to ask!"
,user,"How many years old is Purv"
,assistant,"Purv Taparia is 9 years old. If you have any more questions about Purv, feel free to ask!"
,user,"How many books has he written?"
,assistant,"Purv Taparia has written four books. If you'd like to know more about them or have any other questions, feel free to ask!"
,user,"Does he have a github account?"
,assistant,"There is no information available about Purv Taparia having a GitHub account. If you have any other questions about Purv's interests or achievements, feel free to ask!"
________________,______________________________________,_______________________________________________________________________________________________________________________________________________________________________________________________________________________________________________________________________________________________________________________________________________________________________________________________________________________________________________________________________________________________________________________________________________________________________________________________________________________________________________________________________________________________________________________________________________________________________________________________________________________________________________________________________,___________________,___________________
,Date Created,Last Message At
,2025-9-24 21:20:42,2025-9-24 21:20:42

Conversation:,Conversation ID,Source
,1af3cfd0-ce0a-4e3d-a3dc-445bd444abd1,Playground

Messages:,Role,Message
,assistant,"Hi! What can I help you with?"
,user,"What is this website about"
,assistant,"I'm here to assist you with any inquiries, issues, or requests you might have. If you have any specific questions or need help with something, feel free to let me know!"
________________,______________________________________,_______________________________________________________________________________________________________________________________________________________________________________________________________________________________________________________________________________________________________________________________________________________________________________________________________________________________________________________________________________________________________________________________________________________________________________________________________________________________________________________________________________________________________________________________________________________________________________________________________________________________________________________________________,___________________,___________________
,Date Created,Last Message At
,2025-9-23 19:0:19,2025-9-23 19:1:3

Conversation:,Conversation ID,Source
,5f8162e0-999c-4802-abff-51da1d228153,Playground

Messages:,Role,Message
,assistant,"Hi! What can I help you with?"
,user,"What games are car driving"
,assistant,"There are many car driving games available across various platforms. Some popular ones include:

1. **Forza Horizon Series** - Known for its open-world gameplay and stunning graphics.
2. **Gran Turismo Series** - Offers a realistic driving experience with a wide range of cars and tracks.
3. **Need for Speed Series** - Known for its arcade-style racing and thrilling police chases.
4. **F1 Series** - Provides a realistic Formula 1 racing experience.
5. **Assetto Corsa** - Known for its realistic physics and extensive modding community.

If you have a specific platform in mind, let me know, and I can provide more tailored suggestions. Enjoy your gaming!"
,user,"Who are the creators"
,assistant,"Here are the creators of the car driving games I mentioned:

1. **Forza Horizon Series** - Developed by Playground Games and published by Xbox Game Studios.
2. **Gran Turismo Series** - Developed by Polyphony Digital and published by Sony Interactive Entertainment.
3. **Need for Speed Series** - Developed by various studios over the years, including Ghost Games and Criterion Games, and published by Electronic Arts.
4. **F1 Series** - Developed and published by Codemasters, which is now part of Electronic Arts.
5. **Assetto Corsa** - Developed by Kunos Simulazioni.

If you have any more questions or need further assistance, feel free to ask!"
,user,"WHo are the creators of the website"
,assistant,"I'm here to help with inquiries related to my role, but it seems like your question might be outside the scope of the information I can provide. If you have any other questions or need assistance with something else, feel free to let me know!"
